id;titulo
3c7c9ae1-8f91-43c4-8b1a-08d595221b88;notwithstanding down
9d40f35b-d761-4c7d-9770-6cb140da6713;eventually
8f06bf5d-1190-48ac-b9bc-446dbd3b4bfc;strictly
f4195a40-299a-4fc4-add2-72d7921317a7;wherever yuck best
addc1d1f-d152-4c05-9b61-0d682a9aabf2;reproachfully before liquidise
b86a4501-09f8-4f1b-9a5e-894a716f91af;stupendous domesticate mitigate
b828eb90-6159-4aeb-9eaf-2c63cfeaae8d;the for
e99ef96a-7cc5-4bef-a3bf-e342b61f3bf9;accidentally
ae816370-8caf-4cf9-93e4-281ad984bdcb;oof limp while
5bf203a8-df5d-4b35-ba1f-6aed329e106d;astride next yahoo
