id;nome;login;email;created_at;updated_at;deleted_at
1;irresponsible;suffer punctually capitalize;Helena67@live.com;2024-05-28T09:16:08;2024-05-28T00:36:08;2024-05-27T15:00:56
2;ouch;amid within;Rafael46@bol.com.br;2024-05-27T16:18:39;2024-05-28T00:49:39;2024-05-28T07:08:40
3;firewall devoted;whenever oh;Daniel29@live.com;2024-05-28T00:49:34;2024-05-27T22:30:55;2024-05-27T21:38:00
4;quietly whiff once;round;Lavinia_Reis68@hotmail.com;2024-05-28T13:25:31;2024-05-27T18:27:38;2024-05-27T16:04:18
5;whereas;simple toward yuck;Helena.Santos@bol.com.br;2024-05-28T04:43:23;2024-05-28T06:37:50;2024-05-28T14:44:41
6;highly;as stream;MariaHelena76@yahoo.com;2024-05-27T22:22:07;2024-05-28T08:37:24;2024-05-28T02:51:50
7;towards unto;quicker;Lavinia30@live.com;2024-05-27T18:27:31;2024-05-28T07:15:41;2024-05-27T22:59:08
8;criminalise deduction wooden;like tailor;Ofelia_Macedo@gmail.com;2024-05-27T15:21:17;2024-05-27T21:05:30;2024-05-28T13:22:08
9;along;absent incidentally prevent;Lorena_Carvalho20@hotmail.com;2024-05-28T02:25:08;2024-05-28T08:13:57;2024-05-28T10:20:47
10;indeed ornery forswear;when afore watch;Rebeca.Melo56@bol.com.br;2024-05-28T10:55:30;2024-05-27T18:23:56;2024-05-27T18:36:44
